Network ,Program,VOD Episode Start
,,0
,Arnie and Me,0
,Closing Bell,0
,Fast Money,0
,Fast Money Halftime Report,0
,Hardball With Chris Matthews,0
,I'm Not Ready to Be Done Yet,0
,Mad Money,0
,Morning Drive,0
,Morning Joe,0
,NHL Hockey,0
,PGA Tour Golf,0
,Power Lunch,0
,Rocky Road to Recovery,0
,Shark Tank,1
,Squawk Box,0
,Squawk on the Street,0
,The Place for Politics 2016,0
,The Tonight Show Starring Jimmy Fallon,0
,Uncensored,0
Bravo,,0
Bravo,After Show Episode 12,0
Bravo,"Buy gold, at-cost!",0
Bravo,Caught With Your Trousers Down,0
Bravo,Girlfriends Guide to Divorce,376
Bravo,Hearing Is Believing,0
Bravo,I'm Not a Bitch,0
Bravo,In Love With Someone Else,0
Bravo,Just the T.I.P.,0
Bravo,Last Call,0
Bravo,Live,0
Bravo,Newlyweds The First Year,250
Bravo,No more wrinkles! Say ByeBye now and look younger!,0
Bravo,Push Comes to Shove,0
Bravo,Recipe for Deception,134
Bravo,Southern Charm,1009
Bravo,The Real Housewives of Beverly Hills,22790
Bravo,The Real Housewives of Potomac,2538
Bravo,Thicker Than Water,67
Bravo,This Is a Break-Up,0
Bravo,Top Chef,2210
Bravo,Tour Group,163
Bravo,Try Total Gym for $14.95,0
Bravo,Turning Over a New Peach,0
Bravo,Uncensored,0
Bravo,Vanderpump Rules,11559
Bravo,Vanderpump Rules After Show,209
Bravo,Vegas With a Vengeance,0
Bravo,Watch What Happens Live,2263
Bravo,Watch What Happens: Live,0
Bravo,Welcome to Sur,0
Bravo,Who's Been Naughty Who's Been Nice,0
Bravo,You Don't Know Jax,0
cnbc,,0
cnbc,A Wall Street Wonder Takes a Fall,0
cnbc,American Greed,104
cnbc,Blue Collar Millionaires,42
cnbc,CIZE DANCE WORKOUT!,0
cnbc,Closing Bell,0
cnbc,CNBC Originals,3
cnbc,Consumed: The Real Restaurant Business,14
cnbc,Fast Money,277
cnbc,Fast Money Halftime Report,0
cnbc,Jay Leno's Garage,18
cnbc,Live,19
cnbc,Mad Money,532
cnbc,Make Me a Millionaire Inventor,18
cnbc,Paid Programming,0
cnbc,Power Lunch,0
cnbc,Restaurant Startup,129
cnbc,Secret Lives of the Super Rich,13
cnbc,Shark Tank,191
cnbc,Squawk Alley,53
cnbc,Squawk Box,0
cnbc,Squawk on the Street,0
cnbc,The Filthy Rich Guide,136
cnbc,"The Filthy Rich Guide to Billionaire Clothes, Neighborhood Feuds and Parking Your Supercar",0
cnbc,The Filthy Rich Guide to Buying Fun,0
cnbc,"The Filthy Rich Guide to Living in Dubai, Buying London and Making Your Own Monument",0
cnbc,"The Filthy Rich Guide to Self Defense, Playing God, and Buying History",0
cnbc,The Profit,392
cnbc,Thicker Hair - Guaranteed!,0
cnbc,Undercover Boss,22
cnbc,West Texas Investors Club,7
cnbc,Worldwide Exchange,0
CSN Bay Area,Bay Area Baseball Talk,0
CSN Bay Area,Beyond Baseball: Jake Peavy,0
CSN Bay Area,Beyond Basketball,0
CSN Bay Area,Giants Confidential,0
CSN Bay Area,Legends: 2010 San Francisco Giants,0
CSN Bay Area,NBA Basketball,0
CSN Bay Area,Paid Programming,0
CSN Bay Area,SportsNet Central,0
CSN Bay Area,SportsTalk Live,0
CSN Bay Area,The Dan Patrick Show,0
CSN Bay Area,The Say Hey Kid,0
CSN Bay Area,Warriors Pregame Live,0
CSN California,Barclays Premier League Soccer,0
CSN California,NBA Basketball,0
CSN California,SportsTalk Live,0
CSN Chicago,MLB Spring Training Baseball,0
CSN Chicago,SportsNet Central,0
CSN Chicago,SportsTalk Live,0
CSN Mid-Atlantic,AFL Press Conference,0
CSN Mid-Atlantic,SportsNet Central,0
CSN Mid-Atlantic,SportsTalk Live,0
CSN New England,Felger & Mazz Radio,0
CSN New England,NBA Basketball,0
CSN New England,Sports Tonight,0
CSN New England,Toucher & Rich Radio,0
CSN Philly,,0
CSN Philly,Breakfast on Broad,0
CSN Philly,Jimmy Houston Outdoors,0
CSN Philly,March to the Net,0
CSN Philly,Orange Line,0
CSN Philly,Organic Juice Cleanse,0
CSN Philly,Paid Programming,0
CSN Philly,Philly Sports Talk,0
CSN Philly,Quick Slants,0
CSN Philly,Scott Martin Challenge,0
CSN Philly,Sexy Skin Secrets,0
CSN Philly,SportsNet Central,0
CSN Philly,Tummy Tuck,0
CSN Philly,Year In Review,0
e,,0
e,Color Me Lonely,0
e,Doggy Blu's,0
e,Drop Your CIZE!,0
e,E! News,0
e,Hollywood Medium With Tyler Henry,900
e,I Am Cait,803
e,Just Jillian,414
e,Keeping Up with the Kardashians,932
e,Kendall's Sweet 16,0
e,Kylie's Sweet 16,0
e,LA Clippers Dance Squad,497
e,Let It Go,0
e,Live,0
e,O.J. Simpson,0
e,"Oh, Come All Ye Faithful",0
e,Peace of Cake,0
e,Rocky Road to Recovery,0
e,Take Me Out to the Ballgame,0
e,The Awful Truth,0
e,The Baby Shower,0
e,The Courage to Change,0
e,The Drought,0
e,The Kardashians,0
e,The Turtle and the Hare,0
e,Total Divas,2973
e,Total%20Divas,0
e,Try Total Gym for $14.95,0
e,Welcome to the Clippers Dance Squad,0
e,WEN by Chaz Dean Revolutionary Hair Care System,0
Esquire,Air Force One,0
Esquire,American Ninja Warrior,89
Esquire,Beowulf,168
Esquire,Best Bars In America,2
Esquire,Bombshells,0
Esquire,Brew Dogs,2
Esquire,Car Matchmaker,2
Esquire,Carrot or Stick,0
Esquire,Esquire's Car of the Year,1
Esquire,Fail Safe,0
Esquire,Family Practice,0
Esquire,Friday Night Tykes,1213
Esquire,Friday Night Tykes First Look 310,0
Esquire,Friday Night Tykes: Steel Country First Look 101,0
Esquire,Going Deep with David Rees,3
Esquire,I'm Not Ready to Be Done Yet,0
Esquire,Knife Fight,20
Esquire,Larger Than Life,0
Esquire,Recession Proof,0
Esquire,Scorched Earth,0
Esquire,Small Sacrifices,0
Esquire,Team Ninja Warrior,72
Esquire,The Agent,8
Esquire,Two Stories,0
Esquire,Uncorked,23
Esquire,USA vs. the World,0
Esquire,You Must Remember This,0
Golf,10 Ways to Help Arthritis Pain,0
Golf,Arnie & His Army,0
Golf,Arnie & His Legacy,0
Golf,Arnie & the Majors,0
Golf,Arnie and Me,0
Golf,Back Pain Solved!,0
Golf,Golf Central,0
Golf,Golf Central Special,0
Golf,Inside the PGA Tour,0
Golf,Legendary Lessons,0
Golf,Live,3
Golf,Morning Drive,0
Golf,PGA Tour Classic,0
Golf,PGA Tour Golf,0
Golf,Product Showcase,0
Golf,Tai Chi Master!,0
MSNBC,,0
MSNBC,All In with Chris Hayes,84
MSNBC,First Look,0
MSNBC,Hardball With Chris Matthews,40
MSNBC,Live,168
MSNBC,Lockup,67
MSNBC,Morning Joe,1052
MSNBC,MSNBC Specials,2
MSNBC,MTP Daily,54
MSNBC,The Last Word with Lawrence O'Donnell,136
MSNBC,The Place for Politics 2016,0
MSNBC,The Rachel Maddow Show,593
MSNBC,Way Too Early,0
MSNBC,With All Due Respect,0
mun2,,0
NBC,,0
NBC,6 in the Mix,0
NBC,Access Hollywood,0
NBC,Access Hollywood Live,0
NBC,Amazing Stories,99
NBC,American Dream Builders,0
NBC,American Ninja Warrior,0
NBC,Americaƒ??s Got Talent,0
NBC,Aquarius,14
NBC,Average Joe,38
NBC,Bad Judge,0
NBC,Battlestar Galactica Classic,103
NBC,Best Time Ever with Neil Patrick Harris,0
NBC,Betty White's Off Their Rockers,0
NBC,Blindspot,22323
NBC,Camp,0
NBC,Caught on Camera with Nick Cannon,151
NBC,Charles in Charge,90
NBC,Chicago Fire,2428
NBC,Chicago Med,2550
NBC,Chicago P.D.,3484
NBC,Community,0
NBC,Crossbones,34
NBC,Crowded,12912
NBC,Dateline,8114
NBC,Days of our Lives,31634
NBC,Deception,51
NBC,Do No Harm,26
NBC,Dracula,88
NBC,Early Today,0
NBC,Extra,0
NBC,Food Fighters,0
NBC,Game of Silence,0
NBC,Grimm,5264
NBC,Growing Up Fisher,32
NBC,Guys with Kids,120
NBC,Hannibal,0
NBC,Heartbeat,0
NBC,Heroes,0
NBC,Heroes Reborn,1103
NBC,Heroes Reborn - Dark Matters,0
NBC,Hollywood Game Night,490
NBC,I Can Do That,0
NBC,Jay Leno's Garage,0
NBC,Jay Lenoƒ??s Garage,0
NBC,Jeopardy!,0
NBC,Kings,109
NBC,Knight Rider,152
NBC,Knight Rider Classic,236
NBC,Last Call with Carson Daly,0
NBC,Last Comic Standing,0
NBC,Late Night with Jimmy Fallon,0
NBC,Late Night with Seth Meyers,1382
NBC,Law & Order: Special Victims Unit,5733
NBC,Life,74
NBC,Lipstick Jungle,42
NBC,Little Big Shots,10471
NBC,Meet the Press,527
NBC,Miami Vice,389
NBC,Mr. Robinson,0
NBC,Must See TV: An All-Star Tribute to James Burrows,103
NBC,NBC,0
NBC,NBC 5 First at Four,0
NBC,NBC 5 News at 10,0
NBC,NBC 5 News at 11AM,0
NBC,NBC 5 News at 4,0
NBC,NBC 5 News at 4:30,0
NBC,NBC 5 News at 4:30AM,0
NBC,NBC 5 News at 5,0
NBC,NBC 5 News at 5:30AM,0
NBC,NBC 5 News at 5AM,0
NBC,NBC 5 News at 6,0
NBC,NBC 5 News at 6AM,0
NBC,NBC 5 Today at 11,0
NBC,NBC 5 Today at 4:30am,0
NBC,NBC 5 Today at 5,0
NBC,NBC 5 Today at 5:30,0
NBC,NBC 5 Today at 6,0
NBC,NBC 6 South Florida News at 11pm,0
NBC,NBC 6 South Florida News at 5:30pm,0
NBC,NBC 6 South Florida News at 5pm,0
NBC,NBC 6 South Florida News at 6pm,0
NBC,NBC 6 South Florida Today at 11am,0
NBC,NBC 6 South Florida Today at 4:30am,0
NBC,NBC 6 South Florida Today at 5:30am,0
NBC,NBC 6 South Florida Today at 5am,0
NBC,NBC 6 South Florida Today at 6am,0
NBC,NBC 7 News at 11,0
NBC,NBC 7 News at 4,0
NBC,NBC 7 News at 5,0
NBC,NBC 7 News at 6,0
NBC,NBC 7 News Midday,0
NBC,NBC 7 News Today,0
NBC,NBC Bay Area News at 11,0
NBC,NBC Bay Area News at 11AM,0
NBC,NBC Bay Area News at 5,0
NBC,NBC Bay Area News at 6,0
NBC,NBC CT News 5:30pm,0
NBC,NBC CT News at 11pm,0
NBC,NBC CT News at 5pm,0
NBC,NBC CT News at 6pm,0
NBC,NBC CT News Today,0
NBC,NBC CT News Today at 11am,0
NBC,NBC CT News Today at 5:30am,0
NBC,NBC CT News Today at 5am,0
NBC,NBC CT News Today at 6:30am,0
NBC,NBC CT News Today at 6am,0
NBC,NBC Nightly News,975
NBC,NBC Nightly News With Lester Holt,0
NBC,NBC10 News at 11pm,0
NBC,NBC10 News at 4pm,0
NBC,NBC10 News at 5pm,0
NBC,NBC10 News at 6pm,0
NBC,NBC10 News Today 11am,0
NBC,NBC10 News Today at 4:30am,0
NBC,NBC10 News Today at 5:30am,0
NBC,NBC10 News Today at 5am,0
NBC,NBC10 News Today at 6am,0
NBC,NBC4 News at 11 pm,0
NBC,NBC4 News at 5 pm,0
NBC,NBC4 News at 6 pm,0
NBC,NBC4 News at Noon,0
NBC,NBC4 Today in LA,0
NBC,New York Live,0
NBC,News 4 New York at 11,0
NBC,News 4 New York at 5,0
NBC,News 4 New York at 5:30,0
NBC,News 4 New York at 6,0
NBC,News 4 New York at Noon,0
NBC,News4 at 11,0
NBC,News4 at 4,0
NBC,News4 at 5,0
NBC,News4 at 6,0
NBC,News4 Midday,0
NBC,News4 Today at 4:30,0
NBC,News4 Today at 5,0
NBC,News4 Today at 6,0
NBC,Open House,0
NBC,Outsourced,125
NBC,Parenthood,0
NBC,Parks and Recreation,0
NBC,Quantum Leap,247
NBC,Running Wild with Bear Grylls,0
NBC,Saturday Night Live,9948
NBC,Shades of Blue,6811
NBC,Shades of Blue en Espanol,36
NBC,State of Affairs,0
NBC,Steve Harvey,0
NBC,STRONG,0
NBC,Superstore,2305
NBC,Telenovela,688
NBC,Telenovela en Espanol,30
NBC,The Biggest Loser,682
NBC,The Black Donnellys,20
NBC,The Blacklist,7194
NBC,The Cape,30
NBC,The Carmichael Show,4135
NBC,The Celebrity Apprentice,0
NBC,The Ellen DeGeneres Show,0
NBC,The Event,59
NBC,The Golden Globe Awards,0
NBC,The Meredith Vieira Show,0
NBC,The Mysteries of Laura,1690
NBC,The Night Shift,0
NBC,The Player,113
NBC,The Tonight Show Starring Jimmy Fallon,6478
NBC,The Voice,61094
NBC,The Wiz Live!,0
NBC,Today,0
NBC,Today in New York,0
NBC,Today in the Bay,0
NBC,Truth Be Told,177
NBC,Undateable,187
NBC,Up All Night,58
NBC,Welcome to Sweden,0
NBC,Wheel of Fortune,0
NBC,Whitney,50
NBC,You%2C Me and the Apocalypse,2219
NBC News,Dateline,59
NBC News,Meet the Press,11
NBC News,NBC Nightly News,99
NBC Sports,Bass 2 Billfish,0
NBC Sports,Bassin for Reds,0
NBC Sports,Charlie Moore: No Offense,0
NBC Sports,"Galveston, Texas Kings & Lings",0
NBC Sports,Golden Fly Part 1,0
NBC Sports,Goldfish,0
NBC Sports,Haas F1: America's Return to the Grid,0
NBC Sports,Identity theft: learn about it and how to get LifeLock protection,0
NBC Sports,Lincoln Cosmo and Model A Rod,0
NBC Sports,Live,0
NBC Sports,Manchester United - Liverpool,0
NBC Sports,Mi Casa Restaurant,0
NBC Sports,NASCAR America Live,0
NBC Sports,NHL Hockey,0
NBC Sports,NHL Live,0
NBC Sports,NHL Overtime,0
NBC Sports,Premier League Review Show,0
NBC Sports,Pro Football Talk,0
NBC Sports,Silver Kings,0
NBC Sports,The Dan Patrick Show,0
NBC Sports,The Men in Blazers Show,0
NBC Sports,Top 10 Game Winning Moments,0
NBC Sports,Wreck Permit Marquesa,0
NBC Universo,,0
NBC Universo,12 Corazones,1
NBC Universo,Aloha familia Hern?­ndez,0
NBC Universo,Chupacabra,0
NBC Universo,El Se?ñor de los Cielos,0
NBC Universo,Gerardo Ortiz,1
NBC Universo,Gran Hermano: La Novela,0
NBC Universo,I Love Jenni,47
NBC Universo,Larrymania,42
NBC Universo,Miami Part 2: Juan Night Only,0
NBC Universo,Prison Break,6
NBC Universo,Secrets,0
NBC Universo,Son Mariachis,4
NBC Universo,The Walking Dead,1
NBC Universo,Top Chef Mexico,8
nbcentertainment,,0
NBCU TVE - Bravo,After Show Episode 12,0
NBCU TVE - Bravo,"Buy gold, at-cost!",0
NBCU TVE - Bravo,Caught With Your Trousers Down,0
NBCU TVE - Bravo,Girlfriends Guide to Divorce,13
NBCU TVE - Bravo,Hearing Is Believing,0
NBCU TVE - Bravo,I'm Not a Bitch,0
NBCU TVE - Bravo,In Love With Someone Else,0
NBCU TVE - Bravo,Just the T.I.P.,0
NBCU TVE - Bravo,Last Call,0
NBCU TVE - Bravo,Live,0
NBCU TVE - Bravo,Newlyweds The First Year,4
NBCU TVE - Bravo,No more wrinkles! Say ByeBye now and look younger!,0
NBCU TVE - Bravo,Push Comes to Shove,0
NBCU TVE - Bravo,Recipe for Deception,9
NBCU TVE - Bravo,Southern Charm,40
NBCU TVE - Bravo,The Real Housewives of Beverly Hills,799
NBCU TVE - Bravo,The Real Housewives of Potomac,158
NBCU TVE - Bravo,Thicker Than Water,3
NBCU TVE - Bravo,This Is a Break-Up,0
NBCU TVE - Bravo,Top Chef,53
NBCU TVE - Bravo,Tour Group,10
NBCU TVE - Bravo,Try Total Gym for $14.95,0
NBCU TVE - Bravo,Turning Over a New Peach,0
NBCU TVE - Bravo,Uncensored,0
NBCU TVE - Bravo,Vanderpump Rules,446
NBCU TVE - Bravo,Vanderpump Rules After Show,33
NBCU TVE - Bravo,Vegas With a Vengeance,0
NBCU TVE - Bravo,Watch What Happens Live,51
NBCU TVE - Bravo,Watch What Happens: Live,0
NBCU TVE - Bravo,Welcome to Sur,0
NBCU TVE - Bravo,Who's Been Naughty Who's Been Nice,0
NBCU TVE - Bravo,You Don't Know Jax,0
NBCU TVE - Chiller,Chiller Movies,4
NBCU TVE - Chiller,Slasher,18
NBCU TVE - CNBC,A Wall Street Wonder Takes a Fall,0
NBCU TVE - CNBC,American Greed,11
NBCU TVE - CNBC,Blue Collar Millionaires,1
NBCU TVE - CNBC,CIZE DANCE WORKOUT!,0
NBCU TVE - CNBC,Closing Bell,0
NBCU TVE - CNBC,CNBC Originals,0
NBCU TVE - CNBC,Fast Money,5
NBCU TVE - CNBC,Fast Money Halftime Report,0
NBCU TVE - CNBC,Jay Leno's Garage,7
NBCU TVE - CNBC,Live,0
NBCU TVE - CNBC,Mad Money,7
NBCU TVE - CNBC,Paid Programming,0
NBCU TVE - CNBC,Power Lunch,0
NBCU TVE - CNBC,Restaurant Startup,11
NBCU TVE - CNBC,Shark Tank,25
NBCU TVE - CNBC,Squawk Alley,1
NBCU TVE - CNBC,Squawk Box,0
NBCU TVE - CNBC,Squawk on the Street,0
NBCU TVE - CNBC,The Filthy Rich Guide,7
NBCU TVE - CNBC,"The Filthy Rich Guide to Billionaire Clothes, Neighborhood Feuds and Parking Your Supercar",0
NBCU TVE - CNBC,The Filthy Rich Guide to Buying Fun,0
NBCU TVE - CNBC,"The Filthy Rich Guide to Living in Dubai, Buying London and Making Your Own Monument",0
NBCU TVE - CNBC,"The Filthy Rich Guide to Self Defense, Playing God, and Buying History",0
NBCU TVE - CNBC,"The Filthy Rich Guide to Shopping, Sprucing Up Your Yard, and the Finest Dining",0
NBCU TVE - CNBC,The Profit,20
NBCU TVE - CNBC,Thicker Hair - Guaranteed!,0
NBCU TVE - CNBC,Undercover Boss,6
NBCU TVE - CNBC,Worldwide Exchange,0
NBCU TVE - E!,Color Me Lonely,0
NBCU TVE - E!,Derm Exclusive!,0
NBCU TVE - E!,Doggy Blu's,0
NBCU TVE - E!,E! News,0
NBCU TVE - E!,Hollywood Medium,16
NBCU TVE - E!,Hollywood Medium With Tyler Henry,33
NBCU TVE - E!,I Am Cait,8
NBCU TVE - E!,Just Jillian,10
NBCU TVE - E!,Keeping Up with the Kardashians,134
NBCU TVE - E!,Kendall's Sweet 16,0
NBCU TVE - E!,Kylie's Sweet 16,0
NBCU TVE - E!,Let It Go,0
NBCU TVE - E!,Live,0
NBCU TVE - E!,New! Get Cindy Crawford's anti-aging discovery,0
NBCU TVE - E!,O.J. Simpson,0
NBCU TVE - E!,"Oh, Come All Ye Faithful",0
NBCU TVE - E!,Peace of Cake,0
NBCU TVE - E!,Rocky Road to Recovery,0
NBCU TVE - E!,Take Me Out to the Ballgame,0
NBCU TVE - E!,The Awful Truth,0
NBCU TVE - E!,The Baby Shower,0
NBCU TVE - E!,The Courage to Change,0
NBCU TVE - E!,The Drought,0
NBCU TVE - E!,The Kardashians,0
NBCU TVE - E!,The Turtle and the Hare,0
NBCU TVE - E!,Total Divas,22
NBCU TVE - E!,Try Total Gym for $14.95,0
NBCU TVE - E!,Welcome to the Clippers Dance Squad,0
NBCU TVE - E!,WEN by Chaz Dean Revolutionary Hair Care System,0
NBCU TVE - Esquire,Air Force One,0
NBCU TVE - Esquire,American Ninja Warrior,2
NBCU TVE - Esquire,Beowulf,51
NBCU TVE - Esquire,Best Bars In America,1
NBCU TVE - Esquire,Bombshells,0
NBCU TVE - Esquire,Brew Dogs,1
NBCU TVE - Esquire,Carrot or Stick,0
NBCU TVE - Esquire,Fail Safe,0
NBCU TVE - Esquire,Family Practice,0
NBCU TVE - Esquire,Friday Night Tykes,24
NBCU TVE - Esquire,Friday Night Tykes First Look 310,0
NBCU TVE - Esquire,Friday Night Tykes: Steel Country First Look 101,0
NBCU TVE - Esquire,Going Deep with David Rees,0
NBCU TVE - Esquire,I'm Not Ready to Be Done Yet,0
NBCU TVE - Esquire,Knife Fight,7
NBCU TVE - Esquire,Larger Than Life,0
NBCU TVE - Esquire,Military Qualifying,0
NBCU TVE - Esquire,Qualifying Week 3,0
NBCU TVE - Esquire,Recession Proof,0
NBCU TVE - Esquire,Scorched Earth,0
NBCU TVE - Esquire,Small Sacrifices,0
NBCU TVE - Esquire,Team Ninja Warrior,7
NBCU TVE - Esquire,The Agent,3
NBCU TVE - Esquire,The Perfect Vintage,0
NBCU TVE - Esquire,Thicker Hair - Guaranteed!,0
NBCU TVE - Esquire,Two Stories,0
NBCU TVE - Esquire,USA vs. the World,0
NBCU TVE - Esquire,You Must Remember This,0
NBCU TVE - Golf Channel,Arnie & His Army,0
NBCU TVE - Golf Channel,Arnie & His Legacy,0
NBCU TVE - Golf Channel,Arnie & the Majors,0
NBCU TVE - Golf Channel,Arnie and Me,0
NBCU TVE - Golf Channel,Feherty,13
NBCU TVE - Golf Channel,Golf Central,0
NBCU TVE - Golf Channel,Golf Central Special,0
NBCU TVE - Golf Channel,Golf Channel Academy,0
NBCU TVE - Golf Channel,Inside the PGA Tour,0
NBCU TVE - Golf Channel,Legendary Lessons,0
NBCU TVE - Golf Channel,Live,0
NBCU TVE - Golf Channel,Morning Drive,0
NBCU TVE - Golf Channel,PGA Tour Classic,0
NBCU TVE - Golf Channel,PGA Tour Golf,0
NBCU TVE - Golf Channel,School of Golf,8
NBCU TVE - Golf Channel,The Golf Fix,3
NBCU TVE - LXTV,The Dick Van Dyke Show,6
NBCU TVE - MSNBC,All In with Chris Hayes,4
NBCU TVE - MSNBC,First Look,0
NBCU TVE - MSNBC,Hardball With Chris Matthews,0
NBCU TVE - MSNBC,Live,0
NBCU TVE - MSNBC,Lockup,9
NBCU TVE - MSNBC,Meet the Press,0
NBCU TVE - MSNBC,Morning Joe,11
NBCU TVE - MSNBC,MSNBC Specials,10
NBCU TVE - MSNBC,MTP Daily,3
NBCU TVE - MSNBC,The Last Word with Lawrence O'Donnell,0
NBCU TVE - MSNBC,The Place for Politics 2016,0
NBCU TVE - MSNBC,The Rachel Maddow Show,16
NBCU TVE - MSNBC,Unusual Suspects,0
NBCU TVE - MSNBC,Way Too Early,0
NBCU TVE - MSNBC,With All Due Respect,0
NBCU TVE - NBC,Aquarius,1
NBCU TVE - NBC,Blindspot,475
NBCU TVE - NBC,Chicago Fire,31
NBCU TVE - NBC,Chicago Med,9
NBCU TVE - NBC,Chicago P.D.,43
NBCU TVE - NBC,Crowded,388
NBCU TVE - NBC,Days of our Lives,69
NBCU TVE - NBC,Grimm,153
NBCU TVE - NBC,Heroes Reborn,16
NBCU TVE - NBC,Hollywood Game Night,8
NBCU TVE - NBC,Late Night with Seth Meyers,10
NBCU TVE - NBC,Law & Order: Special Victims Unit,144
NBCU TVE - NBC,Little Big Shots,174
NBCU TVE - NBC,Must See TV: An All-Star Tribute to James Burrows,1
NBCU TVE - NBC,Saturday Night Live,70
NBCU TVE - NBC,Shades of Blue,273
NBCU TVE - NBC,Superstore,46
NBCU TVE - NBC,Telenovela,6
NBCU TVE - NBC,The Biggest Loser,2
NBCU TVE - NBC,The Blacklist,42
NBCU TVE - NBC,The Carmichael Show,48
NBCU TVE - NBC,The Mysteries of Laura,9
NBCU TVE - NBC,The Player,1
NBCU TVE - NBC,The Tonight Show Starring Jimmy Fallon,22
NBCU TVE - NBC,The Voice,424
NBCU TVE - NBC,Truth Be Told,3
NBCU TVE - NBC,You Me and the Apocalypse,16
NBCU TVE - NBC News,Dateline,56
NBCU TVE - NBC News,NBC Nightly News,27
NBCU TVE - NBC Universo,12 Corazones,0
NBCU TVE - NBC Universo,Aloha familia Hern?­ndez,0
NBCU TVE - NBC Universo,Chupacabra,0
NBCU TVE - NBC Universo,El Palenque,0
NBCU TVE - NBC Universo,El Se?ñor de los Cielos,0
NBCU TVE - NBC Universo,Flight,0
NBCU TVE - NBC Universo,Human Shield,0
NBCU TVE - NBC Universo,Larrymania,0
NBCU TVE - NBC Universo,Miami Part 2: Juan Night Only,0
NBCU TVE - NBC Universo,On the Road Again,0
NBCU TVE - NBC Universo,Prison Break,0
NBCU TVE - NBC Universo,Secrets,0
NBCU TVE - NBC Universo,Son Mariachis,1
NBCU TVE - NBC Universo,The Walking Dead,4
NBCU TVE - Oxygen,A Cross to Bear,0
NBCU TVE - Oxygen,Bad Girls Club,75
NBCU TVE - Oxygen,Claire's Permit,0
NBCU TVE - Oxygen,Drop Your CIZE!,0
NBCU TVE - Oxygen,Hearts Can Heal,0
NBCU TVE - Oxygen,Here Come Da Judge,0
NBCU TVE - Oxygen,In the Name of the Father,0
NBCU TVE - Oxygen,Jr.'s Risky Business,0
NBCU TVE - Oxygen,Jury Duty,0
NBCU TVE - Oxygen,killerpost,10
NBCU TVE - Oxygen,Live,0
NBCU TVE - Oxygen,Man of the Year,0
NBCU TVE - Oxygen,Prancing Queen,0
NBCU TVE - Oxygen,Preachers of Atlanta,17
NBCU TVE - Oxygen,Sharon's Picture,0
NBCU TVE - Oxygen,Sis and the City,0
NBCU TVE - Oxygen,Sisterhood of Hip Hop,0
NBCU TVE - Oxygen,Snapped,36
NBCU TVE - Oxygen,Tee for Too Many,0
NBCU TVE - Oxygen,The Big Bang Theory,0
NBCU TVE - Oxygen,The Family That Prays Together,0
NBCU TVE - Oxygen,The Prancing Elites Project,43
NBCU TVE - Oxygen,To Be or Not to Newbie,0
NBCU TVE - Oxygen,Truth & Consequences,0
NBCU TVE - Oxygen,Try Total Gym for $14.95,0
NBCU TVE - Sports Network,Bass 2 Billfish,0
NBCU TVE - Sports Network,Bassin for Reds,0
NBCU TVE - Sports Network,"Bob Dylan, Jefferson Airplane, Byrds, Santana",0
NBCU TVE - Sports Network,Charlie Moore: No Offense,0
NBCU TVE - Sports Network,"Galveston, Texas Kings & Lings",0
NBCU TVE - Sports Network,Golden Fly Part 1,0
NBCU TVE - Sports Network,Goldfish,0
NBCU TVE - Sports Network,Haas F1: America's Return to the Grid,0
NBCU TVE - Sports Network,Identity theft: learn about it and how to get LifeLock protection,0
NBCU TVE - Sports Network,Johnny Carson,0
NBCU TVE - Sports Network,"Johnny Cash, Hank Williams, Roger Miller, George Jones",0
NBCU TVE - Sports Network,Lincoln Cosmo and Model A Rod,0
NBCU TVE - Sports Network,Live,0
NBCU TVE - Sports Network,Manchester United - Liverpool,0
NBCU TVE - Sports Network,Mi Casa Restaurant,0
NBCU TVE - Sports Network,NASCAR America Live,0
NBCU TVE - Sports Network,NHL,4
NBCU TVE - Sports Network,NHL Hockey,0
NBCU TVE - Sports Network,NHL Live,0
NBCU TVE - Sports Network,NHL Overtime,0
NBCU TVE - Sports Network,PBC Boxing,2
NBCU TVE - Sports Network,Poker,1
NBCU TVE - Sports Network,Premier League,1
NBCU TVE - Sports Network,Premier League Review Show,0
NBCU TVE - Sports Network,Pro Football Talk,0
NBCU TVE - Sports Network,Sherman's Warriors,1
NBCU TVE - Sports Network,Silver Kings,0
NBCU TVE - Sports Network,Skiing,0
NBCU TVE - Sports Network,"Styx, Journey, Fleetwood Mac",0
NBCU TVE - Sports Network,The Dan Patrick Show,0
NBCU TVE - Sports Network,The Men in Blazers Show,0
NBCU TVE - Sports Network,Top 10 Game Winning Moments,0
NBCU TVE - Sports Network,Wreck Permit Marquesa,0
NBCU TVE - Sprout,Animal Mechanicals,1
NBCU TVE - Sprout,Astroblast,0
NBCU TVE - Sprout,Boj,0
NBCU TVE - Sprout,Caillou,3
NBCU TVE - Sprout,Chica Show,1
NBCU TVE - Sprout,Chloe's Closet,0
NBCU TVE - Sprout,Clangers,0
NBCU TVE - Sprout,Earth to Luna,0
NBCU TVE - Sprout,LazyTown,2
NBCU TVE - Sprout,Lily's Driftwood Bay,0
NBCU TVE - Sprout,Little People,0
NBCU TVE - Sprout,Live,0
NBCU TVE - Sprout,Maya the Bee,1
NBCU TVE - Sprout,Nina's World,0
NBCU TVE - Sprout,Noodle & Doodle,5
NBCU TVE - Sprout,Noodle and Doodle,0
NBCU TVE - Sprout,Pajanimals,0
NBCU TVE - Sprout,Poppy Cat,0
NBCU TVE - Sprout,Ruff-Ruff%2C Tweet and Dave,3
NBCU TVE - Sprout,"Ruff-Ruff, Tweet and Dave",0
NBCU TVE - Sprout,Sarah & Duck,0
NBCU TVE - Sprout,Stella and Sam,0
NBCU TVE - Sprout,Super Wings,0
NBCU TVE - Sprout,Sydney Sailboat,1
NBCU TVE - Sprout,The Berenstain Bears,0
NBCU TVE - Sprout,The Chica Show,0
NBCU TVE - Sprout,The Floogals,6
NBCU TVE - Sprout,Tree Fu Tom,0
NBCU TVE - Sprout,YaYa & Zouk,0
NBCU TVE - Sprout,Zerby Derby,1
NBCU TVE - Sprout,Zou,1
NBCU TVE - Syfy,#CancelColbert,0
NBCU TVE - Syfy,12 Monkeys,3
NBCU TVE - Syfy,6 Souls,0
NBCU TVE - Syfy,Bitten,78
NBCU TVE - Syfy,Bottled Up,0
NBCU TVE - Syfy,"Buy gold, at-cost!",0
NBCU TVE - Syfy,Defiance,9
NBCU TVE - Syfy,Dominion,9
NBCU TVE - Syfy,Doomsday Prophecy,0
NBCU TVE - Syfy,Dragon Blades Spectacular,0
NBCU TVE - Syfy,Face Off,69
NBCU TVE - Syfy,Food Fight,0
NBCU TVE - Syfy,Grave Halloween,0
NBCU TVE - Syfy,Haunting,1
NBCU TVE - Syfy,Haven,2
NBCU TVE - Syfy,Heebie Jeebies,0
NBCU TVE - Syfy,In From the Cold,0
NBCU TVE - Syfy,Keep One Eye Open,0
NBCU TVE - Syfy,Killjoys,5
NBCU TVE - Syfy,Lady in the Water,0
NBCU TVE - Syfy,Live,0
NBCU TVE - Syfy,Mothman,0
NBCU TVE - Syfy,Paranormal Witness,5
NBCU TVE - Syfy,Printer's Devil,0
NBCU TVE - Syfy,Syfy Movies,21
NBCU TVE - Syfy,Tasmanian Devils,0
NBCU TVE - Syfy,The Expanse,62
NBCU TVE - Syfy,The Haunting in Connecticut 2: Ghosts of Georgia,0
NBCU TVE - Syfy,The Internet Ruined My Life,14
NBCU TVE - Syfy,The Magicians,317
NBCU TVE - Syfy,Troy: Street Magic,2
NBCU TVE - Telemundo,Caso Cerrado,5
NBCU TVE - Telemundo,Celia,4
NBCU TVE - Telemundo,Eva La Trailera,3
NBCU TVE - Telemundo,Gran Hermano,6
NBCU TVE - Telemundo,La Querida del Centauro,7
NBCU TVE - Telemundo,Qui??n es Qui??n,8
NBCU TVE - Telemundo,Qu?? culpa Fatmagul,7
NBCU TVE - Telemundo,Suelta La Sopa,2
NBCU TVE - USA Network,2 Fast 2 Furious,0
NBCU TVE - USA Network,Arrested,0
NBCU TVE - USA Network,Aunt Mommy,0
NBCU TVE - USA Network,Burn Notice,2
NBCU TVE - USA Network,Chrisley Knows Best,361
NBCU TVE - USA Network,Colony,124
NBCU TVE - USA Network,CSI,17
NBCU TVE - USA Network,Distractions,0
NBCU TVE - USA Network,Donny!,0
NBCU TVE - USA Network,Election Day,0
NBCU TVE - USA Network,Getting Testy,0
NBCU TVE - USA Network,Halloween 3: AwesomeLand,0
NBCU TVE - USA Network,High Seas,0
NBCU TVE - USA Network,House,1
NBCU TVE - USA Network,Live,0
NBCU TVE - USA Network,Marine Down,0
NBCU TVE - USA Network,Minimum Security,0
NBCU TVE - USA Network,Motive,15
NBCU TVE - USA Network,Movies On USA,4
NBCU TVE - USA Network,Mr. Robot,129
NBCU TVE - USA Network,NCIS,34
NBCU TVE - USA Network,NCIS: Los Angeles,49
NBCU TVE - USA Network,Need to Know,0
NBCU TVE - USA Network,Offense,0
NBCU TVE - USA Network,Open House of Horrors,0
NBCU TVE - USA Network,Playing House,3
NBCU TVE - USA Network,Royal Pains,7
NBCU TVE - USA Network,Sea Dog,0
NBCU TVE - USA Network,Self-made,0
NBCU TVE - USA Network,Send Out the Clowns,0
NBCU TVE - USA Network,Skin Deep,0
NBCU TVE - USA Network,Snatched,0
NBCU TVE - USA Network,Sub Rosa,0
NBCU TVE - USA Network,Suits,125
NBCU TVE - USA Network,The Curse,0
NBCU TVE - USA Network,The Fast and the Furious,0
NBCU TVE - USA Network,The Fast and the Furious: Tokyo Drift,0
NBCU TVE - USA Network,The Immortals,0
NBCU TVE - USA Network,The Wrath of Todd,0
NBCU TVE - USA Network,Transitions,0
NBCU TVE - USA Network,Virgin Territory,0
NBCU TVE - USA Network,White Collar,2
NBCU TVE - USA Network,Won't You Be Our Neighbor,0
Oxygen,,0
Oxygen,A Cross to Bear,0
Oxygen,Bad Girls Club,5615
Oxygen,Boss Nails,0
Oxygen,Claire's Permit,0
Oxygen,Finding My Father,0
Oxygen,Hearts Can Heal,0
Oxygen,Here Come Da Judge,0
Oxygen,In the Name of the Father,0
Oxygen,Jr.'s Risky Business,0
Oxygen,Jury Duty,0
Oxygen,killerpost,265
Oxygen,Prancing Queen,0
Oxygen,Preachers of Atlanta,287
Oxygen,Sharon's Picture,0
Oxygen,Sis and the City,0
Oxygen,Snapped,342
Oxygen,Tee for Too Many,0
Oxygen,The Big Bang Theory,0
Oxygen,The Family That Prays Together,0
Oxygen,The Prancing Elites Project,839
Oxygen,To Be or Not to Newbie,0
sprout,,0
style,,0
Syfy,,0
Syfy,#CancelColbert,0
Syfy,12 Monkeys,0
Syfy,31 Days of Halloween,0
Syfy,6 Souls,0
Syfy,Bazillion Dollar Club,0
Syfy,Bitten,1297
Syfy,Bitten Blog,0
Syfy,Blastr,0
Syfy,Bottled Up,0
Syfy,"Buy gold, at-cost!",0
Syfy,Childhoods End,0
Syfy,Continuum,0
Syfy,Dark Matter,0
Syfy,Defiance,183
Syfy,Dominion,146
Syfy,Doomsday Prophecy,0
Syfy,Dragon Blades Spectacular,0
Syfy,Face Off,2344
Syfy,Food Fight,0
Syfy,Geeks Who Drink,0
Syfy,Ghost Hunters,0
Syfy,Grave Halloween,0
Syfy,Haunting,14
Syfy,Haven,48
Syfy,Heebie Jeebies,0
Syfy,Helix,0
Syfy,Hunters,0
Syfy,Hunters Blog,0
Syfy,In From the Cold,0
Syfy,Incorporated,0
Syfy,Keep One Eye Open,0
Syfy,Killjoys,104
Syfy,Lady in the Water,0
Syfy,Lavalantula,0
Syfy,Live,0
Syfy,Lost Girl,0
Syfy,Lost Girl Blog,0
Syfy,Mothman,0
Syfy,Of Sonders Weight,0
Syfy,Olympus,18
Syfy,Paranormal Witness,332
Syfy,Printer's Devil,0
Syfy,Second Screen,0
Syfy,Sharknado 3,0
Syfy,Syfy Blog,0
Syfy,Syfy Movies,145
Syfy,Tasmanian Devils,0
Syfy,The Expanse,1393
Syfy,The Haunting in Connecticut 2: Ghosts of Georgia,0
Syfy,The Internet Ruined My Life,565
Syfy,The Magicians,8177
Syfy,The Magicians Blog,0
Syfy,The Magicians en Espa?ñol,33
Syfy,Troy: Street Magic,13
Syfy,Wizard Wars,0
Syfy,Wynonna Earp,0
Syfy,Z Nation,0
Syfy,Z Nation Special Feature,0
TCN,5 Makeup Tips 4 Older Women!,0
TCN,NEW Shark Rocket Vacuum!,0
TCN,NHL Hockey,0
TCN,The Dan Patrick Show,0
telemundo,,0
telemundo,Avenida Brasil,6
telemundo,Bajo El Mismo Cielo,40
telemundo,Boxeo Telemundo,1
telemundo,Caso Cerrado,297
telemundo,Celia,179
telemundo,Decisiones,31
telemundo,El Se?ñor de los Cielos 3,15
telemundo,Eva La Trailera,103
telemundo,Gran Hermano,171
telemundo,La Querida del Centauro,251
telemundo,Levantate,0
telemundo,Qui??n es Qui??n,136
telemundo,Qu?? culpa Fatmagul,332
telemundo,Se?ñora Acero,12
telemundo,Suelta La Sopa,9
telemundo,Tierra de Reyes,0
telemundo,Ya Era Hora,1
USA,,0
USA,2 Fast 2 Furious,0
USA,Arrested,0
USA,Aunt Mommy,0
USA,Burn Notice,7
USA,Chrisley Knows Best,6735
USA,Colony,1465
USA,CSI,115
USA,Distractions,0
USA,Donny!,6
USA,Election Day,0
USA,Getting Testy,0
USA,Halloween 3: AwesomeLand,0
USA,High Seas,0
USA,House,17
USA,Live,1
USA,Marco Polo,0
USA,Marine Down,0
USA,Minimum Security,0
USA,Motive,176
USA,Movies On USA,1
USA,Mr. Robot,1906
USA,NCIS,240
USA,NCIS: Los Angeles,121
USA,Need to Know,0
USA,Offense,0
USA,Open House of Horrors,0
USA,Playing House,39
USA,Psych,2
USA,Royal Pains,34
USA,Satisfaction,101
USA,Sea Dog,0
USA,Self-made,0
USA,Send Out the Clowns,0
USA,Skin Deep,0
USA,Snatched,0
USA,Sub Rosa,0
USA,Suits,2936
USA,The Curse,0
USA,The Fast and the Furious,0
USA,The Fast and the Furious: Tokyo Drift,0
USA,The Immortals,0
USA,The Wrath of Todd,0
USA,Transitions,0
USA,Virgin Territory,0
USA,White Collar,34
USA,Won't You Be Our Neighbor,0
